Effect (95% CI),P-value,Effect direction,N cases with 0|1|2 copies of effect allele,N controls with 0|1|2 copies of effect allele,Effect allele frequency,AA,AB,BB,N,beta,lci,uci
"-0.15 (-0.19, -0.11)",9.25E-12,-,88038|1684|13,NA|NA|NA,0.0095,88038,1684,13,89735,-0.15,-0.19,-0.11
"-0.72 (-0.86, -0.58)",1.24E-24,-,418277|177|0,NA|NA|NA,0.00021,418277,177,0,418454,-0.72,-0.86,-0.58
"-0.1 (-0.13, -0.079)",1.03E-15,-,407938|4027|11,NA|NA|NA,0.0049,407938,4027,11,411976,-0.1,-0.13,-0.079
"0.11 (0.08, 0.14)",2.34E-13,+,339225|4076|1,NA|NA|NA,0.0059,339225,4076,1,343302,0.11,0.08,0.14
"-0.22 (-0.26, -0.18)",6.08E-23,-,104011|1869|8,NA|NA|NA,0.0089,104011,1869,8,105888,-0.22,-0.26,-0.18
"-0.45 (-0.58, -0.33)",1.76E-12,-,411797|191|0,NA|NA|NA,0.00023,411797,191,0,411988,-0.45,-0.58,-0.33
"0.25 (0.2, 0.3)",8.38E-24,+,410973|907|1,NA|NA|NA,0.0011,410973,907,1,411881,0.25,0.2,0.3
"-0.79 (-0.99, -0.58)",3.14E-14,-,412013|73|0,NA|NA|NA,8.90E-05,412013,73,0,412086,-0.79,-0.99,-0.58
"-2.3 (-2.4, -2.2)",2.23E-307,-,411831|255|0,NA|NA|NA,0.00031,411831,255,0,412086,-2.3,-2.4,-2.2
"-0.48 (-0.51, -0.45)",1.69E-238,-,407894|3654|11,NA|NA|NA,0.0045,407894,3654,11,411559,-0.48,-0.51,-0.45
"-1 (-1.2, -0.84)",2.53E-34,-,412119|115|0,NA|NA|NA,0.00014,412119,115,0,412234,-1,-1.2,-0.84
"0.43 (0.33, 0.53)",6.67E-17,+,418894|297|1,NA|NA|NA,0.00036,418894,297,1,419192,0.43,0.33,0.53
"0.33 (0.25, 0.4)",8.70E-17,+,423681|322|0,NA|NA|NA,0.00038,423681,322,0,424003,0.33,0.25,0.4
"0.17 (0.13, 0.21)",2.28E-17,+,416308|2140|1,NA|NA|NA,0.0026,416308,2140,1,418449,0.17,0.13,0.21
"0.41 (0.35, 0.48)",1.43E-35,+,418490|699|0,NA|NA|NA,0.00083,418490,699,0,419189,0.41,0.35,0.48
"-0.26 (-0.32, -0.2)",8.67E-19,-,418322|862|0,NA|NA|NA,0.001,418322,862,0,419184,-0.26,-0.32,-0.2
"-0.78 (-0.83, -0.73)",5.34E-185,-,408942|1171|0,NA|NA|NA,0.0014,408942,1171,0,410113,-0.78,-0.83,-0.73
"-0.55 (-0.6, -0.51)",4.15E-137,-,410109|1647|1,NA|NA|NA,0.002,410109,1647,1,411757,-0.55,-0.6,-0.51
"0.079 (0.059, 0.099)",1.26E-14,+,368255|6541|14,NA|NA|NA,0.0088,368255,6541,14,374810,0.079,0.059,0.099
"0.24 (0.19, 0.3)",5.02E-17,+,410165|1063|1,NA|NA|NA,0.0013,410165,1063,1,411229,0.24,0.19,0.3
"-2.4 (-3.1, -1.7)",1.43E-11,-,395445|5|0,NA|NA|NA,6.30E-06,395445,5,0,395450,-2.4,-3.1,-1.7
"0.061 (0.047, 0.076)",4.00E-16,+,416353|7607|32,NA|NA|NA,0.009,416353,7607,32,423992,0.061,0.047,0.076
"-0.14 (-0.15, -0.12)",1.69E-67,-,405563|13454|42,NA|NA|NA,0.016,405563,13454,42,419059,-0.14,-0.15,-0.12
"-0.54 (-0.62, -0.47)",9.81E-48,-,411167|437|0,NA|NA|NA,0.00053,411167,437,0,411604,-0.54,-0.62,-0.47
"-0.098 (-0.12, -0.074)",6.46E-16,-,427741|2328|1,NA|NA|NA,0.0027,427741,2328,1,430070,-0.098,-0.12,-0.074
"0.17 (0.13, 0.21)",1.06E-14,+,410323|1538|0,NA|NA|NA,0.0019,410323,1538,0,411861,0.17,0.13,0.21
"0.21 (0.18, 0.24)",3.82E-40,+,408971|2883|7,NA|NA|NA,0.0035,408971,2883,7,411861,0.21,0.18,0.24
"0.054 (0.039, 0.07)",1.14E-11,+,424707|5362|1,NA|NA|NA,0.0062,424707,5362,1,430070,0.054,0.039,0.07
"-0.25 (-0.32, -0.19)",9.29E-15,-,418286|773|0,NA|NA|NA,0.00092,418286,773,0,419059,-0.25,-0.32,-0.19
"-0.1 (-0.13, -0.078)",9.69E-17,-,427798|2271|1,NA|NA|NA,0.0026,427798,2271,1,430070,-0.1,-0.13,-0.078
"0.31 (0.27, 0.35)",4.05E-55,+,406570|2256|0,NA|NA|NA,0.0028,406570,2256,0,408826,0.31,0.27,0.35
"-0.19 (-0.24, -0.14)",3.27E-16,-,417824|1360|0,NA|NA|NA,0.0016,417824,1360,0,419184,-0.19,-0.24,-0.14
"0.12 (0.086, 0.15)",6.12E-12,+,409709|2789|3,NA|NA|NA,0.0034,409709,2789,3,412501,0.12,0.086,0.15
"0.8 (0.7, 0.89)",2.97E-58,+,412136|365|0,NA|NA|NA,0.00044,412136,365,0,412501,0.8,0.7,0.89
"0.11 (0.079, 0.14)",1.33E-13,+,407969|3975|5,NA|NA|NA,0.0048,407969,3975,5,411949,0.11,0.079,0.14
"-0.64 (-0.72, -0.55)",4.33E-51,-,410730|499|0,NA|NA|NA,0.00061,410730,499,0,411229,-0.64,-0.72,-0.55
"0.19 (0.14, 0.24)",5.83E-15,+,409414|1017|0,NA|NA|NA,0.0012,409414,1017,0,410431,0.19,0.14,0.24
"-0.25 (-0.3, -0.19)",3.01E-18,-,429651|419|0,NA|NA|NA,0.00049,429651,419,0,430070,-0.25,-0.3,-0.19
"0.39 (0.3, 0.48)",5.77E-17,+,418845|339|0,NA|NA|NA,4.00E-04,418845,339,0,419184,0.39,0.3,0.48
"0.094 (0.068, 0.12)",5.19E-13,+,413456|4854|17,NA|NA|NA,0.0058,413456,4854,17,418327,0.094,0.068,0.12
"0.27 (0.23, 0.32)",1.96E-33,+,408371|1553|2,NA|NA|NA,0.0019,408371,1553,2,409926,0.27,0.23,0.32
"-0.48 (-0.62, -0.35)",1.40E-12,-,412318|183|0,NA|NA|NA,0.00022,412318,183,0,412501,-0.48,-0.62,-0.35
"0.45 (0.39, 0.52)",9.47E-47,+,342393|909|0,NA|NA|NA,0.0013,342393,909,0,343302,0.45,0.39,0.52
"0.46 (0.35, 0.57)",1.75E-15,+,427667|253|0,NA|NA|NA,3.00E-04,427667,253,0,427920,0.46,0.35,0.57
"0.32 (0.23, 0.41)",1.54E-11,+,412118|383|0,NA|NA|NA,0.00046,412118,383,0,412501,0.32,0.23,0.41
"-0.19 (-0.24, -0.13)",9.55E-13,-,418094|1090|0,NA|NA|NA,0.0013,418094,1090,0,419184,-0.19,-0.24,-0.13
"-0.5 (-0.59, -0.4)",5.23E-25,-,429924|146|0,NA|NA|NA,0.00017,429924,146,0,430070,-0.5,-0.59,-0.4
"-0.074 (-0.094, -0.054)",6.15E-13,-,426832|3235|3,NA|NA|NA,0.0038,426832,3235,3,430070,-0.074,-0.094,-0.054
"0.11 (0.083, 0.14)",4.92E-15,+,338556|4470|24,NA|NA|NA,0.0066,338556,4470,24,343050,0.11,0.083,0.14
"0.36 (0.31, 0.42)",2.01E-35,+,409438|967|0,NA|NA|NA,0.0012,409438,967,0,410405,0.36,0.31,0.42
"-0.17 (-0.21, -0.13)",3.12E-17,-,417287|1905|0,NA|NA|NA,0.0023,417287,1905,0,419192,-0.17,-0.21,-0.13
"-0.058 (-0.07, -0.046)",7.86E-21,-,412227|11769|18,NA|NA|NA,0.014,412227,11769,18,424014,-0.058,-0.07,-0.046
"-0.22 (-0.28, -0.17)",3.22E-14,-,418297|892|0,NA|NA|NA,0.0011,418297,892,0,419189,-0.22,-0.28,-0.17
"0.73 (0.56, 0.9)",3.33E-17,+,419117|75|0,NA|NA|NA,8.90E-05,419117,75,0,419192,0.73,0.56,0.9
"-0.12 (-0.14, -0.089)",1.73E-16,-,415495|3668|8,NA|NA|NA,0.0044,415495,3668,8,419171,-0.12,-0.14,-0.089
"-0.07 (-0.088, -0.053)",7.13E-15,-,410081|9079|24,NA|NA|NA,0.011,410081,9079,24,419184,-0.07,-0.088,-0.053
"0.48 (0.36, 0.61)",2.37E-14,+,418996|193|0,NA|NA|NA,0.00023,418996,193,0,419189,0.48,0.36,0.61
"-1.7 (-1.8, -1.6)",2.23E-307,-,409639|474|0,NA|NA|NA,0.00058,409639,474,0,410113,-1.7,-1.8,-1.6
"-0.14 (-0.16, -0.11)",8.32E-30,-,413209|5844|7,NA|NA|NA,0.007,413209,5844,7,419060,-0.14,-0.16,-0.11
"-0.11 (-0.14, -0.083)",1.47E-16,-,413386|5068|0,NA|NA|NA,0.0061,413386,5068,0,418454,-0.11,-0.14,-0.083
"1.2 (1.1, 1.4)",3.72E-66,+,412337|164|0,NA|NA|NA,2.00E-04,412337,164,0,412501,1.2,1.1,1.4
"-0.06 (-0.076, -0.044)",8.43E-14,-,398929|12780|48,NA|NA|NA,0.016,398929,12780,48,411757,-0.06,-0.076,-0.044
"0.088 (0.064, 0.11)",4.20E-13,+,406226|5523|8,NA|NA|NA,0.0067,406226,5523,8,411757,0.088,0.064,0.11
"0.077 (0.056, 0.098)",1.53E-12,+,404790|6955|12,NA|NA|NA,0.0085,404790,6955,12,411757,0.077,0.056,0.098
"-0.05 (-0.063, -0.038)",7.05E-15,-,396383|15205|16,NA|NA|NA,0.019,396383,15205,16,411604,-0.05,-0.063,-0.038
"-0.11 (-0.14, -0.088)",5.47E-17,-,421666|2347|1,NA|NA|NA,0.0028,421666,2347,1,424014,-0.11,-0.14,-0.088
"3.3 (2.5, 4)",9.71E-18,+,418443|6|0,NA|NA|NA,7.20E-06,418443,6,0,418449,3.3,2.5,4
"0.11 (0.085, 0.13)",8.07E-21,+,412328|6103|18,NA|NA|NA,0.0073,412328,6103,18,418449,0.11,0.085,0.13
"-0.15 (-0.19, -0.12)",7.76E-19,-,422553|1439|0,NA|NA|NA,0.0017,422553,1439,0,423992,-0.15,-0.19,-0.12
"0.26 (0.19, 0.33)",5.85E-14,+,377478|768|0,NA|NA|NA,0.001,377478,768,0,378246,0.26,0.19,0.33
"0.13 (0.094, 0.17)",7.39E-12,+,429153|917|0,NA|NA|NA,0.0011,429153,917,0,430070,0.13,0.094,0.17
"0.072 (0.052, 0.092)",1.84E-12,+,424876|4226|3,NA|NA|NA,0.0049,424876,4226,3,429105,0.072,0.052,0.092
"-0.5 (-0.59, -0.4)",3.92E-25,-,418873|311|0,NA|NA|NA,0.00037,418873,311,0,419184,-0.5,-0.59,-0.4
"0.47 (0.37, 0.57)",9.08E-21,+,418843|345|0,NA|NA|NA,0.00041,418843,345,0,419188,0.47,0.37,0.57
"0.3 (0.24, 0.35)",2.28E-29,+,245663|1353|0,NA|NA|NA,0.0027,245663,1353,0,247016,0.3,0.24,0.35
"0.16 (0.14, 0.19)",1.37E-28,+,415474|3584|2,NA|NA|NA,0.0043,415474,3584,2,419060,0.16,0.14,0.19
"0.18 (0.15, 0.21)",1.14E-32,+,415720|3338|2,NA|NA|NA,0.004,415720,3338,2,419060,0.18,0.15,0.21
"-0.26 (-0.28, -0.24)",9.56E-172,-,367010|10910|28,NA|NA|NA,0.015,367010,10910,28,377948,-0.26,-0.28,-0.24
"0.26 (0.22, 0.3)",9.47E-43,+,409914|2171|1,NA|NA|NA,0.0026,409914,2171,1,412086,0.26,0.22,0.3
"-0.16 (-0.18, -0.14)",5.04E-50,-,406944|4937|0,NA|NA|NA,0.006,406944,4937,0,411881,-0.16,-0.18,-0.14
"0.053 (0.038, 0.069)",1.65E-11,+,396887|13020|19,NA|NA|NA,0.016,396887,13020,19,409926,0.053,0.038,0.069
"0.11 (0.079, 0.14)",9.12E-14,+,409096|2783|2,NA|NA|NA,0.0034,409096,2783,2,411881,0.11,0.079,0.14
"-0.6 (-0.73, -0.47)",2.27E-19,-,419022|162|0,NA|NA|NA,0.00019,419022,162,0,419184,-0.6,-0.73,-0.47
"-1.3 (-1.5, -1.2)",1.16E-47,-,419119|72|0,NA|NA|NA,8.60E-05,419119,72,0,419191,-1.3,-1.5,-1.2
"-0.23 (-0.29, -0.17)",1.34E-14,-,181090|917|0,NA|NA|NA,0.0025,181090,917,0,182007,-0.23,-0.29,-0.17
"-0.5 (-0.6, -0.4)",2.03E-22,-,418114|335|0,NA|NA|NA,4.00E-04,418114,335,0,418449,-0.5,-0.6,-0.4
"-0.26 (-0.31, -0.22)",4.60E-31,-,429410|659|1,NA|NA|NA,0.00077,429410,659,1,430070,-0.26,-0.31,-0.22
"-0.5 (-0.59, -0.41)",1.90E-25,-,423224|140|0,NA|NA|NA,0.00017,423224,140,0,423364,-0.5,-0.59,-0.41
"0.89 (0.8, 0.98)",8.39E-85,+,125952|447|0,NA|NA|NA,0.0018,125952,447,0,126399,0.89,0.8,0.98
"0.26 (0.21, 0.31)",2.62E-22,+,125103|1296|0,NA|NA|NA,0.0051,125103,1296,0,126399,0.26,0.21,0.31
"0.49 (0.35, 0.62)",6.11E-12,+,90725|162|0,NA|NA|NA,0.00089,90725,162,0,90887,0.49,0.35,0.62
"-0.16 (-0.2, -0.13)",1.11E-20,-,406916|2814|6,NA|NA|NA,0.0034,406916,2814,6,409736,-0.16,-0.2,-0.13
"-0.33 (-0.38, -0.28)",8.81E-39,-,408914|1359|0,NA|NA|NA,0.0017,408914,1359,0,410273,-0.33,-0.38,-0.28
"0.55 (0.43, 0.67)",1.26E-18,+,410209|222|0,NA|NA|NA,0.00027,410209,222,0,410431,0.55,0.43,0.67
"0.48 (0.42, 0.54)",2.14E-54,+,409520|911|0,NA|NA|NA,0.0011,409520,911,0,410431,0.48,0.42,0.54
"0.42 (0.38, 0.47)",3.06E-90,+,408496|1933|2,NA|NA|NA,0.0024,408496,1933,2,410431,0.42,0.38,0.47
"0.52 (0.47, 0.58)",6.58E-74,+,409390|1041|0,NA|NA|NA,0.0013,409390,1041,0,410431,0.52,0.47,0.58
"0.46 (0.4, 0.52)",2.98E-53,+,409462|969|0,NA|NA|NA,0.0012,409462,969,0,410431,0.46,0.4,0.52
"0.5 (0.45, 0.56)",1.90E-62,+,409493|938|0,NA|NA|NA,0.0011,409493,938,0,410431,0.5,0.45,0.56
"0.44 (0.38, 0.5)",2.78E-52,+,409412|1019|0,NA|NA|NA,0.0012,409412,1019,0,410431,0.44,0.38,0.5
"0.5 (0.44, 0.57)",1.67E-58,+,409556|875|0,NA|NA|NA,0.0011,409556,875,0,410431,0.5,0.44,0.57
"0.5 (0.44, 0.56)",5.02E-61,+,409496|935|0,NA|NA|NA,0.0011,409496,935,0,410431,0.5,0.44,0.56
"0.58 (0.52, 0.64)",2.05E-76,+,409567|864|0,NA|NA|NA,0.0011,409567,864,0,410431,0.58,0.52,0.64
"-0.13 (-0.16, -0.094)",1.45E-13,-,348872|2796|3,NA|NA|NA,0.004,348872,2796,3,351671,-0.13,-0.16,-0.094
"0.27 (0.22, 0.32)",5.97E-26,+,408638|1301|2,NA|NA|NA,0.0016,408638,1301,2,409941,0.27,0.22,0.32
"-1.2 (-1.5, -0.91)",7.21E-15,-,105660|37|0,NA|NA|NA,0.00018,105660,37,0,105697,-1.2,-1.5,-0.91
"0.13 (0.1, 0.16)",2.58E-16,+,415069|3363|10,NA|NA|NA,0.004,415069,3363,10,418442,0.13,0.1,0.16
"0.31 (0.25, 0.36)",7.60E-28,+,411096|989|1,NA|NA|NA,0.0012,411096,989,1,412086,0.31,0.25,0.36
"-0.64 (-0.79, -0.5)",3.56E-19,-,378088|129|0,NA|NA|NA,0.00017,378088,129,0,378217,-0.64,-0.79,-0.5
"-0.061 (-0.078, -0.045)",4.43E-13,-,423233|6845|2,NA|NA|NA,0.008,423233,6845,2,430080,-0.061,-0.078,-0.045
"1 (0.86, 1.2)",5.73E-37,+,418312|137|0,NA|NA|NA,0.00016,418312,137,0,418449,1,0.86,1.2
"0.24 (0.19, 0.3)",2.45E-16,+,415318|942|6,NA|NA|NA,0.0011,415318,942,6,416266,0.24,0.19,0.3
"-0.24 (-0.3, -0.19)",4.68E-19,-,417370|1084|0,NA|NA|NA,0.0013,417370,1084,0,418454,-0.24,-0.3,-0.19
"-0.2 (-0.25, -0.15)",5.99E-13,-,418056|1004|0,NA|NA|NA,0.0012,418056,1004,0,419060,-0.2,-0.25,-0.15
"-0.046 (-0.06, -0.033)",4.81E-12,-,391996|20308|30,NA|NA|NA,0.025,391996,20308,30,412334,-0.046,-0.06,-0.033
"-0.31 (-0.38, -0.24)",4.20E-20,-,418438|754|0,NA|NA|NA,9.00E-04,418438,754,0,419192,-0.31,-0.38,-0.24
"0.06 (0.043, 0.077)",6.50E-12,+,424477|4453|15,NA|NA|NA,0.0052,424477,4453,15,428945,0.06,0.043,0.077
"0.41 (0.37, 0.45)",4.12E-104,+,409859|2473|2,NA|NA|NA,0.003,409859,2473,2,412334,0.41,0.37,0.45
"0.12 (0.089, 0.15)",1.19E-13,+,408216|3298|10,NA|NA|NA,0.004,408216,3298,10,411524,0.12,0.089,0.15
"0.15 (0.12, 0.18)",5.26E-21,+,406204|3289|6,NA|NA|NA,0.004,406204,3289,6,409499,0.15,0.12,0.18
"0.26 (0.19, 0.33)",1.80E-13,+,411346|693|0,NA|NA|NA,0.00084,411346,693,0,412039,0.26,0.19,0.33
"0.11 (0.081, 0.13)",1.17E-15,+,372793|5169|2,NA|NA|NA,0.0068,372793,5169,2,377964,0.11,0.081,0.13
"-0.044 (-0.056, -0.032)",2.21E-13,-,420569|9496|5,NA|NA|NA,0.011,420569,9496,5,430070,-0.044,-0.056,-0.032
"0.38 (0.28, 0.48)",1.02E-14,+,429930|140|0,NA|NA|NA,0.00016,429930,140,0,430070,0.38,0.28,0.48
"0.86 (0.76, 0.96)",2.02E-62,+,377899|347|0,NA|NA|NA,0.00046,377899,347,0,378246,0.86,0.76,0.96
"-0.45 (-0.49, -0.42)",8.87E-118,-,417291|1890|3,NA|NA|NA,0.0023,417291,1890,3,419184,-0.45,-0.49,-0.42
"-0.05 (-0.064, -0.037)",1.76E-13,-,399343|12510|28,NA|NA|NA,0.015,399343,12510,28,411881,-0.05,-0.064,-0.037
"-0.082 (-0.11, -0.059)",1.06E-11,-,413196|5790|26,NA|NA|NA,0.007,413196,5790,26,419012,-0.082,-0.11,-0.059
"-0.25 (-0.31, -0.19)",1.15E-16,-,417484|970|0,NA|NA|NA,0.0012,417484,970,0,418454,-0.25,-0.31,-0.19
"-0.14 (-0.16, -0.11)",1.27E-19,-,408630|3700|4,NA|NA|NA,0.0045,408630,3700,4,412334,-0.14,-0.16,-0.11
"-0.07 (-0.087, -0.052)",6.75E-15,-,425831|4234|5,NA|NA|NA,0.0049,425831,4234,5,430070,-0.07,-0.087,-0.052
"0.23 (0.21, 0.25)",1.73E-131,+,409105|10078|9,NA|NA|NA,0.012,409105,10078,9,419192,0.23,0.21,0.25
"-0.15 (-0.19, -0.11)",1.49E-12,-,408073|1852|1,NA|NA|NA,0.0023,408073,1852,1,409926,-0.15,-0.19,-0.11
"-1.2 (-1.3, -0.99)",9.01E-39,-,418965|95|0,NA|NA|NA,0.00011,418965,95,0,419060,-1.2,-1.3,-0.99
"-0.25 (-0.3, -0.19)",9.24E-18,-,429662|408|0,NA|NA|NA,0.00047,429662,408,0,430070,-0.25,-0.3,-0.19
"0.078 (0.057, 0.1)",9.52E-13,+,426871|2807|1,NA|NA|NA,0.0033,426871,2807,1,429679,0.078,0.057,0.1
"-1.5 (-1.7, -1.3)",5.68E-55,-,419102|87|0,NA|NA|NA,1.00E-04,419102,87,0,419189,-1.5,-1.7,-1.3
"-4.2 (-4.6, -3.7)",7.23E-70,-,430063|6|0,NA|NA|NA,7.00E-06,430063,6,0,430069,-4.2,-4.6,-3.7
"-0.68 (-0.74, -0.63)",1.80E-138,-,410717|887|0,NA|NA|NA,0.0011,410717,887,0,411604,-0.68,-0.74,-0.63
"-0.28 (-0.35, -0.22)",1.02E-17,-,410999|604|0,NA|NA|NA,0.00073,410999,604,0,411603,-0.28,-0.35,-0.22
"0.6 (0.5, 0.69)",1.27E-34,+,429928|142|0,NA|NA|NA,0.00017,429928,142,0,430070,0.6,0.5,0.69
"-0.52 (-0.65, -0.39)",9.85E-15,-,394176|206|0,NA|NA|NA,0.00026,394176,206,0,394382,-0.52,-0.65,-0.39
"-0.15 (-0.17, -0.13)",9.11E-40,-,418515|5502|7,NA|NA|NA,0.0065,418515,5502,7,424024,-0.15,-0.17,-0.13
"-2.3 (-2.4, -2.1)",5.07E-171,-,378267|134|0,NA|NA|NA,0.00018,378267,134,0,378401,-2.3,-2.4,-2.1
"-0.12 (-0.15, -0.099)",1.24E-24,-,412242|6184|23,NA|NA|NA,0.0074,412242,6184,23,418449,-0.12,-0.15,-0.099
"-0.82 (-1, -0.64)",1.13E-18,-,418347|102|0,NA|NA|NA,0.00012,418347,102,0,418449,-0.82,2 (-1,-0.64
"-0.36 (-0.42, -0.31)",2.51E-38,-,245221|983|2,NA|NA|NA,0.002,245221,983,2,246206,-0.36,-0.42,-0.31
"0.17 (0.14, 0.2)",1.98E-28,+,408856|2745|3,NA|NA|NA,0.0033,408856,2745,3,411604,0.17,0.14,0.2
"0.1 (0.076, 0.12)",5.74E-17,+,371051|5071|7,NA|NA|NA,0.0068,371051,5071,7,376129,0.1,0.076,0.12
"0.09 (0.07, 0.11)",2.05E-18,+,402270|7609|47,NA|NA|NA,0.0094,402270,7609,47,409926,0.09,0.07,0.11
"-0.35 (-0.39, -0.31)",2.80E-57,-,416672|1777|0,NA|NA|NA,0.0021,416672,1777,0,418449,-0.35,-0.39,-0.31
"-0.18 (-0.2, -0.16)",9.64E-72,-,368657|7449|23,NA|NA|NA,0.01,368657,7449,23,376129,-0.18,-0.2,-0.16
"-0.29 (-0.34, -0.23)",4.36E-21,-,418411|773|0,NA|NA|NA,0.00092,418411,773,0,419184,-0.29,-0.34,-0.23
"0.17 (0.14, 0.2)",3.50E-27,+,416291|2892|1,NA|NA|NA,0.0035,416291,2892,1,419184,0.17,0.14,0.2
"0.081 (0.058, 0.1)",1.92E-12,+,405656|6406|13,NA|NA|NA,0.0078,405656,6406,13,412075,0.081,0.058,0.1
"-0.16 (-0.19, -0.13)",6.79E-24,-,415572|3620|0,NA|NA|NA,0.0043,415572,3620,0,419192,-0.16,-0.19,-0.13
"-0.098 (-0.12, -0.074)",1.01E-14,-,408323|3558|0,NA|NA|NA,0.0043,408323,3558,0,411881,-0.098,-0.12,-0.074
"0.54 (0.43, 0.65)",1.38E-21,+,418951|241|0,NA|NA|NA,0.00029,418951,241,0,419192,0.54,0.43,0.65
"0.096 (0.08, 0.11)",7.14E-32,+,425003|5061|6,NA|NA|NA,0.0059,425003,5061,6,430070,0.096,0.08,0.11
"0.21 (0.17, 0.25)",5.38E-21,+,417736|1448|0,NA|NA|NA,0.0017,417736,1448,0,419184,0.21,0.17,0.25
"-0.072 (-0.086, -0.058)",2.20E-23,-,423562|6502|6,NA|NA|NA,0.0076,423562,6502,6,430070,-0.072,-0.086,-0.058
"0.32 (0.3, 0.34)",3.06E-300,+,409528|9642|14,NA|NA|NA,0.012,409528,9642,14,419184,0.32,0.3,0.34
"-1.1 (-1.3, -0.92)",1.70E-28,-,90808|78|0,NA|NA|NA,0.00043,90808,78,0,90886,-1.1,-1.3,-0.92
"0.13 (0.095, 0.17)",4.14E-12,+,422822|1192|0,NA|NA|NA,0.0014,422822,1192,0,424014,0.13,0.095,0.17
"1.1 (0.94, 1.2)",2.50E-68,+,418960|232|0,NA|NA|NA,0.00028,418960,232,0,419192,1.1,0.94,1.2
"0.088 (0.065, 0.11)",2.26E-14,+,366960|5411|22,NA|NA|NA,0.0073,366960,5411,22,372393,0.088,0.065,0.11
"0.41 (0.3, 0.53)",1.26E-12,+,418972|212|0,NA|NA|NA,0.00025,418972,212,0,419184,0.41,0.3,0.53
"1.2 (0.88, 1.5)",1.31E-13,+,419159|33|0,NA|NA|NA,3.90E-05,419159,33,0,419192,1.2,0.88,1.5
"0.23 (0.2, 0.26)",5.63E-44,+,428486|1208|2,NA|NA|NA,0.0014,428486,1208,2,429696,0.23,0.2,0.26
"0.091 (0.069, 0.11)",4.46E-16,+,406621|5418|8,NA|NA|NA,0.0066,406621,5418,8,412047,0.091,0.069,0.11
"0.27 (0.19, 0.34)",2.57E-13,+,417776|678|0,NA|NA|NA,0.00081,417776,678,0,418454,0.27,0.19,0.34
"-0.077 (-0.098, -0.056)",6.14E-13,-,427111|2958|1,NA|NA|NA,0.0034,427111,2958,1,430070,-0.077,-0.098,-0.056
"0.34 (0.25, 0.43)",1.23E-13,+,429912|158|0,NA|NA|NA,0.00018,429912,158,0,430070,0.34,0.25,0.43
"0.22 (0.17, 0.27)",1.11E-17,+,376863|1383|0,NA|NA|NA,0.0018,376863,1383,0,378246,0.22,0.17,0.27
"0.35 (0.32, 0.38)",8.44E-126,+,415400|3787|2,NA|NA|NA,0.0045,415400,3787,2,419189,0.35,0.32,0.38
"-0.79 (-0.82, -0.77)",2.23E-307,-,408407|3376|7,NA|NA|NA,0.0041,408407,3376,7,411790,-0.79,-0.82,-0.77
"-0.16 (-0.18, -0.13)",2.36E-34,-,407292|4783|11,NA|NA|NA,0.0058,407292,4783,11,412086,-0.16,-0.18,-0.13
"-0.075 (-0.095, -0.055)",4.47E-13,-,404158|8156|19,NA|NA|NA,0.0099,404158,8156,19,412333,-0.075,-0.095,-0.055
"-0.083 (-0.11, -0.06)",4.50E-12,-,414295|4878|8,NA|NA|NA,0.0058,414295,4878,8,419181,-0.083,-0.11,-0.06
"0.22 (0.17, 0.28)",2.18E-14,+,411507|994|0,NA|NA|NA,0.0012,411507,994,0,412501,0.22,0.17,0.28
"-0.08 (-0.1, -0.057)",2.15E-11,-,411656|6142|15,NA|NA|NA,0.0074,411656,6142,15,417813,-0.08,-0.1,-0.057
"-0.19 (-0.24, -0.14)",2.37E-13,-,341907|1394|1,NA|NA|NA,0.002,341907,1394,1,343302,-0.19,-0.24,-0.14
"0.088 (0.063, 0.11)",1.69E-12,+,414283|4546|13,NA|NA|NA,0.0055,414283,4546,13,418842,0.088,0.063,0.11
"0.27 (0.21, 0.33)",2.37E-19,+,418326|863|0,NA|NA|NA,0.001,418326,863,0,419189,0.27,0.21,0.33
"-0.2 (-0.23, -0.17)",1.80E-33,-,428835|1234|1,NA|NA|NA,0.0014,428835,1234,1,430070,-0.2,-0.23,-0.17
"0.34 (0.24, 0.44)",4.12E-12,+,423525|141|0,NA|NA|NA,0.00017,423525,141,0,423666,0.34,0.24,0.44
"0.24 (0.2, 0.27)",4.18E-35,+,410325|1555|1,NA|NA|NA,0.0019,410325,1555,1,411881,0.24,0.2,0.27
"0.33 (0.25, 0.41)",1.93E-16,+,411157|350|0,NA|NA|NA,0.00043,411157,350,0,411507,0.33,0.25,0.41
"-0.71 (-0.79, -0.63)",6.25E-67,-,411777|457|0,NA|NA|NA,0.00055,411777,457,0,412234,-0.71,-0.79,-0.63
"0.11 (0.09, 0.14)",1.17E-21,+,406534|5326|1,NA|NA|NA,0.0065,406534,5326,1,411861,0.11,0.09,0.14
"0.14 (0.11, 0.17)",1.04E-22,+,404112|4097|2,NA|NA|NA,0.005,404112,4097,2,408211,0.14,0.11,0.17
"0.12 (0.091, 0.16)",2.11E-13,+,416191|2998|3,NA|NA|NA,0.0036,416191,2998,3,419192,0.12,0.091,0.16
"0.32 (0.23, 0.42)",1.84E-11,+,418882|302|0,NA|NA|NA,0.00036,418882,302,0,419184,0.32,0.23,0.42
"-0.37 (-0.43, -0.3)",4.09E-27,-,376910|759|0,NA|NA|NA,0.001,376910,759,0,377669,-0.37,-0.43,-0.3
"0.059 (0.042, 0.076)",4.55E-12,+,425431|4622|17,NA|NA|NA,0.0054,425431,4622,17,430070,0.059,0.042,0.076
"-0.093 (-0.11, -0.08)",8.18E-44,-,394754|17067|40,NA|NA|NA,0.021,394754,17067,40,411861,-0.093,-0.11,-0.08
"0.87 (0.63, 1.1)",2.11E-12,+,329252|65|0,NA|NA|NA,9.90E-05,329252,65,0,329317,0.87,0.63,1.1
"0.28 (0.2, 0.36)",1.54E-11,+,328744|573|0,NA|NA|NA,0.00087,328744,573,0,329317,0.28,0.2,0.36
"0.7 (0.63, 0.77)",8.27E-80,+,328586|730|0,NA|NA|NA,0.0011,328586,730,0,329316,0.7,0.63,0.77
"0.37 (0.27, 0.46)",1.92E-14,+,328848|440|0,NA|NA|NA,0.00067,328848,440,0,329288,0.37,0.27,0.46
"1.2 (1.1, 1.3)",1.51E-242,+,328338|759|1,NA|NA|NA,0.0012,328338,759,1,329098,1.2,1.1,1.3
"-0.37 (-0.46, -0.29)",1.88E-17,-,328504|512|2,NA|NA|NA,0.00078,328504,512,2,329018,-0.37,-0.46,-0.29
"-0.4 (-0.45, -0.36)",1.30E-73,-,327290|2023|4,NA|NA|NA,0.0031,327290,2023,4,329317,-0.4,-0.45,-0.36
"1.4 (1.1, 1.6)",1.68E-31,+,329245|72|0,NA|NA|NA,0.00011,329245,72,0,329317,1.4,1.1,1.6
"0.37 (0.27, 0.46)",2.57E-14,+,409580|346|0,NA|NA|NA,0.00042,409580,346,0,409926,0.37,0.27,0.46
"0.25 (0.19, 0.31)",1.47E-16,+,411318|1015|0,NA|NA|NA,0.0012,411318,1015,0,412333,0.25,0.19,0.31
"0.61 (0.47, 0.74)",1.12E-18,+,409755|171|0,NA|NA|NA,0.00021,409755,171,0,409926,0.61,0.47,0.74
"0.04 (0.03, 0.05)",6.06E-15,+,416812|13215|43,NA|NA|NA,0.015,416812,13215,43,430070,0.04,0.03,0.05
"0.047 (0.034, 0.061)",3.72E-12,+,414520|9457|37,NA|NA|NA,0.011,414520,9457,37,424014,0.047,0.034,0.061
"1.1 (0.97, 1.2)",3.49E-112,+,411889|345|0,NA|NA|NA,0.00042,411889,345,0,412234,1.1,0.97,1.2
"-0.14 (-0.17, -0.11)",8.69E-21,-,407564|3786|1,NA|NA|NA,0.0046,407564,3786,1,411351,-0.14,-0.17,-0.11
"-0.43 (-0.5, -0.36)",2.43E-33,-,409302|624|0,NA|NA|NA,0.00076,409302,624,0,409926,-0.43,-0.5,-0.36
"-0.091 (-0.11, -0.071)",8.40E-20,-,408778|9169|11,NA|NA|NA,0.011,408778,9169,11,417958,-0.091,-0.11,-0.071
"0.2 (0.17, 0.23)",4.08E-41,+,372874|3255|0,NA|NA|NA,0.0043,372874,3255,0,376129,0.2,0.17,0.23
"-0.19 (-0.24, -0.14)",1.80E-12,-,373865|945|0,NA|NA|NA,0.0013,373865,945,0,374810,-0.19,-0.24,-0.14
"0.2 (0.16, 0.24)",1.17E-23,+,409170|2762|0,NA|NA|NA,0.0034,409170,2762,0,411932,0.2,0.16,0.24
"0.2 (0.17, 0.23)",3.30E-40,+,415810|3375|4,NA|NA|NA,0.004,415810,3375,4,419189,0.2,0.17,0.23
"0.73 (0.59, 0.87)",2.82E-25,+,412078|156|0,NA|NA|NA,0.00019,412078,156,0,412234,0.73,0.59,0.87
"-0.078 (-0.096, -0.059)",2.31E-16,-,425129|4947|4,NA|NA|NA,0.0058,425129,4947,4,430080,-0.078,-0.096,-0.059
"-2.9 (-3.7, -2.1)",5.78E-12,-,418444|5|0,NA|NA|NA,6.00E-06,418444,5,0,418449,-2.9,-3.7,-2.1
"-0.41 (-0.48, -0.35)",5.45E-38,-,377559|658|0,NA|NA|NA,0.00087,377559,658,0,378217,-0.41,-0.48,-0.35
"0.17 (0.13, 0.22)",4.44E-12,+,410696|1165|0,NA|NA|NA,0.0014,410696,1165,0,411861,0.17,0.13,0.22
"0.07 (0.05, 0.09)",8.18E-12,+,426838|3232|0,NA|NA|NA,0.0038,426838,3232,0,430070,0.07,0.05,0.09
"-0.3 (-0.38, -0.21)",3.97E-12,-,418626|433|0,NA|NA|NA,0.00052,418626,433,0,419059,-0.3,-0.38,-0.21
"-0.12 (-0.14, -0.1)",1.01E-34,-,403518|8813|3,NA|NA|NA,0.011,403518,8813,3,412334,-0.12,-0.14,-0.1
"-0.18 (-0.21, -0.14)",3.10E-24,-,428986|1082|2,NA|NA|NA,0.0013,428986,1082,2,430070,-0.18,-0.21,-0.14
"0.28 (0.2, 0.35)",5.46E-13,+,411919|582|0,NA|NA|NA,0.00071,411919,582,0,412501,0.28,0.2,0.35
"-0.23 (-0.28, -0.18)",4.97E-20,-,410978|1256|0,NA|NA|NA,0.0015,410978,1256,0,412234,-0.23,-0.28,-0.18
"0.16 (0.15, 0.18)",6.60E-118,+,423254|6804|12,NA|NA|NA,0.0079,423254,6804,12,430070,0.16,0.15,0.18
"-1.4 (-1.4, -1.3)",2.23E-307,-,411212|720|0,NA|NA|NA,0.00087,411212,720,0,411932,-1.4,-1.4,-1.3
"0.21 (0.18, 0.23)",8.78E-46,+,414548|3789|9,NA|NA|NA,0.0046,414548,3789,9,418346,0.21,0.18,0.23
"1.9 (1.8, 2)",2.23E-307,+,418876|307|6,NA|NA|NA,0.00038,418876,307,6,419189,1.9,1.8,2
"-0.26 (-0.28, -0.23)",9.22E-83,-,413462|4986|6,NA|NA|NA,0.006,413462,4986,6,418454,-0.26,-0.28,-0.23
"0.16 (0.14, 0.19)",3.58E-32,+,416281|2910|1,NA|NA|NA,0.0035,416281,2910,1,419192,0.16,0.14,0.19
"-0.25 (-0.28, -0.22)",2.09E-55,-,428738|1331|1,NA|NA|NA,0.0015,428738,1331,1,430070,-0.25,-0.28,-0.22
"0.25 (0.19, 0.3)",4.52E-18,+,104765|1123|0,NA|NA|NA,0.0053,104765,1123,0,105888,0.25,0.19,0.3
"-0.072 (-0.09, -0.055)",2.04E-15,-,404965|6904|12,NA|NA|NA,0.0084,404965,6904,12,411881,-0.072,-0.09,-0.055
"-0.41 (-0.53, -0.3)",5.63E-13,-,418954|235|0,NA|NA|NA,0.00028,418954,235,0,419189,-0.41,-0.53,-0.3
"-0.74 (-0.77, -0.7)",2.23E-307,-,373992|2137|0,NA|NA|NA,0.0028,373992,2137,0,376129,-0.74,-0.77,-0.7
"-0.24 (-0.3, -0.18)",4.25E-15,-,418423|761|0,NA|NA|NA,0.00091,418423,761,0,419184,-0.24,-0.3,-0.18
"-0.33 (-0.42, -0.24)",8.21E-13,-,429913|157|0,NA|NA|NA,0.00018,429913,157,0,430070,-0.33,-0.42,-0.24
"-0.85 (-1.1, -0.63)",1.66E-14,-,430044|36|0,NA|NA|NA,4.20E-05,430044,36,0,430080,-0.85,-1.1,-0.63
"-0.12 (-0.15, -0.091)",1.07E-17,-,428301|1769|0,NA|NA|NA,0.0021,428301,1769,0,430070,-0.12,-0.15,-0.091
"0.69 (0.64, 0.74)",1.08E-151,+,418157|1027|0,NA|NA|NA,0.0012,418157,1027,0,419184,0.69,0.64,0.74
"-0.19 (-0.22, -0.16)",5.58E-43,-,407652|4238|5,NA|NA|NA,0.0052,407652,4238,5,411895,-0.19,-0.22,-0.16
"-0.12 (-0.15, -0.087)",5.48E-14,-,404259|3714|9,NA|NA|NA,0.0046,404259,3714,9,407982,-0.12,-0.15,-0.087
"3.1 (2.7, 3.5)",3.37E-49,+,418425|20|0,NA|NA|NA,2.40E-05,418425,20,0,418445,3.1,2.7,3.5
"0.19 (0.16, 0.22)",1.48E-43,+,408508|3538|1,NA|NA|NA,0.0043,408508,3538,1,412047,0.19,0.16,0.22
"0.24 (0.21, 0.28)",1.98E-37,+,123806|2591|2,NA|NA|NA,0.01,123806,2591,2,126399,0.24,0.21,0.28
"-0.14 (-0.16, -0.12)",2.86E-39,-,402900|7689|39,NA|NA|NA,0.0095,402900,7689,39,410628,-0.14,-0.16,-0.12
"0.33 (0.25, 0.41)",1.11E-16,+,418660|532|0,NA|NA|NA,0.00063,418660,532,0,419192,0.33,0.25,0.41
"0.091 (0.071, 0.11)",2.00E-19,+,411545|7610|33,NA|NA|NA,0.0092,411545,7610,33,419188,0.091,0.071,0.11
"0.11 (0.089, 0.13)",1.67E-27,+,403411|8131|33,NA|NA|NA,0.01,403411,8131,33,411575,0.11,0.089,0.13
"-0.087 (-0.11, -0.063)",2.36E-12,-,425783|2851|6,NA|NA|NA,0.0033,425783,2851,6,428640,-0.087,-0.11,-0.063
"0.07 (0.051, 0.088)",3.04E-13,+,411306|7809|42,NA|NA|NA,0.0094,411306,7809,42,419157,0.07,0.051,0.088
"0.32 (0.24, 0.39)",2.92E-15,+,429862|208|0,NA|NA|NA,0.00024,429862,208,0,430070,0.32,0.24,0.39
"-0.23 (-0.29, -0.17)",1.85E-13,-,411152|830|1,NA|NA|NA,0.001,411152,830,1,411983,-0.23,-0.29,-0.17
"-0.34 (-0.43, -0.26)",6.10E-16,-,411799|435|0,NA|NA|NA,0.00053,411799,435,0,412234,-0.34,-0.43,-0.26
"-2.2 (-2.5, -1.8)",6.14E-27,-,410609|21|0,NA|NA|NA,2.60E-05,410609,21,0,410630,-2.2,-2.5,-1.8
"-1.6 (-1.7, -1.5)",2.95E-299,-,410179|451|0,NA|NA|NA,0.00055,410179,451,0,410630,-1.6,-1.7,-1.5
"0.11 (0.085, 0.13)",2.54E-23,+,345813|5857|1,NA|NA|NA,0.0083,345813,5857,1,351671,0.11,0.085,0.13
"-0.096 (-0.12, -0.073)",2.98E-16,-,406399|5459|3,NA|NA|NA,0.0066,406399,5459,3,411861,-0.096,-0.12,-0.073
"-0.2 (-0.25, -0.14)",2.96E-13,-,429613|457|0,NA|NA|NA,0.00053,429613,457,0,430070,-0.2,-0.25,-0.14
"-0.18 (-0.23, -0.13)",2.29E-13,-,417002|1447|0,NA|NA|NA,0.0017,417002,1447,0,418449,-0.18,-0.23,-0.13
"0.26 (0.18, 0.33)",1.42E-11,+,410053|577|0,NA|NA|NA,7.00E-04,410053,577,0,410630,0.26,0.18,0.33
"-2.9 (-3.1, -2.7)",8.80E-232,-,419094|98|0,NA|NA|NA,0.00012,419094,98,0,419192,-2.9,-3.1,-2.7
"0.11 (0.093, 0.13)",3.94E-41,+,400442|11749|43,NA|NA|NA,0.014,400442,11749,43,412234,0.11,0.093,0.13
"-0.33 (-0.37, -0.29)",2.15E-60,-,409755|2002|0,NA|NA|NA,0.0024,409755,2002,0,411757,-0.33,-0.37,-0.29
"-0.28 (-0.34, -0.22)",8.21E-20,-,393417|965|0,NA|NA|NA,0.0012,393417,965,0,394382,-0.28,-0.34,-0.22
"-0.32 (-0.37, -0.26)",2.79E-27,-,393018|1077|0,NA|NA|NA,0.0014,393018,1077,0,394095,-0.32,-0.37,-0.26
"0.76 (0.63, 0.89)",4.60E-31,+,419012|180|0,NA|NA|NA,0.00021,419012,180,0,419192,0.76,0.63,0.89
"0.2 (0.17, 0.24)",4.73E-36,+,407500|3125|5,NA|NA|NA,0.0038,407500,3125,5,410630,0.2,0.17,0.24
"-0.071 (-0.087, -0.054)",3.82E-17,-,425311|4754|5,NA|NA|NA,0.0055,425311,4754,5,430070,-0.071,-0.087,-0.054
"0.23 (0.19, 0.27)",1.41E-32,+,376412|1803|2,NA|NA|NA,0.0024,376412,1803,2,378217,0.23,0.19,0.27
"-0.56 (-0.67, -0.46)",1.68E-26,-,418929|255|0,NA|NA|NA,3.00E-04,418929,255,0,419184,-0.56,-0.67,-0.46
"-0.15 (-0.17, -0.13)",2.73E-40,-,403841|7319|34,NA|NA|NA,0.009,403841,7319,34,411194,-0.15,-0.17,-0.13
"0.11 (0.087, 0.13)",2.18E-20,+,407239|4357|8,NA|NA|NA,0.0053,407239,4357,8,411604,0.11,0.087,0.13
"-1.2 (-1.3, -1.2)",2.23E-307,-,410770|834|0,NA|NA|NA,0.001,410770,834,0,411604,-1.2,-1.3,-1.2
"0.24 (0.19, 0.3)",6.08E-18,+,417352|1097|0,NA|NA|NA,0.0013,417352,1097,0,418449,0.24,0.19,0.3
"0.12 (0.093, 0.15)",1.32E-18,+,407906|3367|5,NA|NA|NA,0.0041,407906,3367,5,411278,0.12,0.093,0.15
"-0.52 (-0.62, -0.42)",2.92E-24,-,411367|237|0,NA|NA|NA,0.00029,411367,237,0,411604,-0.52,-0.62,-0.42
"-0.063 (-0.081, -0.044)",1.48E-11,-,405215|6637|29,NA|NA|NA,0.0081,405215,6637,29,411881,-0.063,-0.081,-0.044
"-0.21 (-0.25, -0.17)",2.41E-23,-,429332|726|1,NA|NA|NA,0.00085,429332,726,1,430059,-0.21,-0.25,-0.17
"-0.093 (-0.12, -0.07)",1.18E-15,-,413387|5794|11,NA|NA|NA,0.0069,413387,5794,11,419192,-0.093,-0.12,-0.07
"-0.6 (-0.76, -0.45)",6.71E-14,-,246086|120|0,NA|NA|NA,0.00024,246086,120,0,246206,-0.6,-0.76,-0.45
"0.15 (0.11, 0.18)",4.17E-19,+,390898|3484|0,NA|NA|NA,0.0044,390898,3484,0,394382,0.15,0.11,0.18
"-0.59 (-0.72, -0.45)",7.94E-18,-,429999|71|0,NA|NA|NA,8.30E-05,429999,71,0,430070,-0.59,-0.72,-0.45
"-0.13 (-0.16, -0.097)",3.65E-16,-,373213|2914|2,NA|NA|NA,0.0039,373213,2914,2,376129,-0.13,-0.16,-0.097
"-0.54 (-0.65, -0.43)",1.71E-21,-,418946|243|0,NA|NA|NA,0.00029,418946,243,0,419189,-0.54,-0.65,-0.43
"0.8 (0.71, 0.88)",5.26E-72,+,411340|417|0,NA|NA|NA,0.00051,411340,417,0,411757,0.8,0.71,0.88
"0.8 (0.76, 0.84)",2.23E-307,+,376480|1721|1,NA|NA|NA,0.0023,376480,1721,1,378202,0.8,0.76,0.84
"-1.4 (-1.6, -1.2)",1.22E-33,-,376075|54|0,NA|NA|NA,7.20E-05,376075,54,0,376129,-1.4,-1.6,-1.2
"0.46 (0.35, 0.57)",8.47E-16,+,48703|273|0,NA|NA|NA,0.0028,48703,273,0,48976,0.46,0.35,0.57
"0.26 (0.2, 0.33)",2.26E-14,+,407433|782|0,NA|NA|NA,0.00096,407433,782,0,408215,0.26,0.2,0.33
"0.19 (0.16, 0.22)",4.77E-39,+,408347|3738|1,NA|NA|NA,0.0045,408347,3738,1,412086,0.19,0.16,0.22
"0.17 (0.13, 0.21)",2.28E-14,+,417445|1614|0,NA|NA|NA,0.0019,417445,1614,0,419059,0.17,0.13,0.21
"0.29 (0.27, 0.31)",1.98E-140,+,405609|4817|5,NA|NA|NA,0.0059,405609,4817,5,410431,0.29,0.27,0.31
"0.3 (0.27, 0.34)",7.51E-82,+,407450|2528|4,NA|NA|NA,0.0031,407450,2528,4,409982,0.3,0.27,0.34
"0.29 (0.25, 0.32)",7.14E-58,+,408405|2026|0,NA|NA|NA,0.0025,408405,2026,0,410431,0.29,0.25,0.32
"-0.41 (-0.53, -0.3)",7.42E-12,-,429978|92|0,NA|NA|NA,0.00011,429978,92,0,430070,-0.41,-0.53,-0.3
"-0.31 (-0.35, -0.26)",2.23E-42,-,410719|1515|0,NA|NA|NA,0.0018,410719,1515,0,412234,-0.31,-0.35,-0.26
"-0.47 (-0.59, -0.36)",9.53E-16,-,246092|227|0,NA|NA|NA,0.00046,246092,227,0,246319,-0.47,-0.59,-0.36
"-0.29 (-0.36, -0.22)",2.30E-16,-,418594|590|0,NA|NA|NA,7.00E-04,418594,590,0,419184,-0.29,-0.36,-0.22
"-0.31 (-0.4, -0.22)",5.25E-12,-,409529|397|0,NA|NA|NA,0.00048,409529,397,0,409926,-0.31,-0.4,-0.22
"0.17 (0.13, 0.21)",6.96E-19,+,409991|2095|0,NA|NA|NA,0.0025,409991,2095,0,412086,0.17,0.13,0.21
"-0.23 (-0.29, -0.18)",4.87E-16,-,429665|405|0,NA|NA|NA,0.00047,429665,405,0,430070,-0.23,-0.29,-0.18
"-0.13 (-0.17, -0.099)",1.65E-14,-,339877|2988|9,NA|NA|NA,0.0044,339877,2988,9,342874,-0.13,-0.17,-0.099
"-0.11 (-0.13, -0.078)",9.53E-14,-,414091|3989|11,NA|NA|NA,0.0048,414091,3989,11,418091,-0.11,-0.13,-0.078
"-0.5 (-0.65, -0.36)",8.11E-12,-,430008|62|0,NA|NA|NA,7.20E-05,430008,62,0,430070,-0.5,-0.65,-0.36
"0.12 (0.099, 0.13)",3.73E-43,+,381231|13124|27,NA|NA|NA,0.017,381231,13124,27,394382,0.12,0.099,0.13
"-0.26 (-0.28, -0.23)",8.56E-98,-,369595|4561|11,NA|NA|NA,0.0061,369595,4561,11,374167,-0.26,-0.28,-0.23
"0.25 (0.18, 0.32)",2.75E-12,+,409128|639|0,NA|NA|NA,0.00078,409128,639,0,409767,0.25,0.18,0.32
"-0.093 (-0.12, -0.069)",2.74E-14,-,404542|5383|1,NA|NA|NA,0.0066,404542,5383,1,409926,-0.093,-0.12,-0.069
"1.6 (1.1, 2)",3.34E-12,+,419175|17|0,NA|NA|NA,2.00E-05,419175,17,0,419192,1.6,1.1,2
"0.49 (0.46, 0.51)",4.46E-248,+,415365|3691|4,NA|NA|NA,0.0044,415365,3691,4,419060,0.49,0.46,0.51
"-0.091 (-0.12, -0.065)",3.04E-12,-,414507|4539|14,NA|NA|NA,0.0054,414507,4539,14,419060,-0.091,-0.12,-0.065
"-0.25 (-0.31, -0.18)",4.69E-15,-,429730|340|0,NA|NA|NA,4.00E-04,429730,340,0,430070,-0.25,-0.31,-0.18
"0.2 (0.17, 0.23)",6.07E-41,+,403701|3983|7,NA|NA|NA,0.0049,403701,3983,7,407691,0.2,0.17,0.23
"0.98 (0.74, 1.2)",5.51E-16,+,412274|60|0,NA|NA|NA,7.30E-05,412274,60,0,412334,0.98,0.74,1.2
"0.42 (0.35, 0.49)",3.05E-34,+,418552|632|0,NA|NA|NA,0.00075,418552,632,0,419184,0.42,0.35,0.49
"0.37 (0.27, 0.47)",3.19E-13,+,418888|296|0,NA|NA|NA,0.00035,418888,296,0,419184,0.37,0.27,0.47
"0.1 (0.08, 0.12)",3.58E-19,+,413404|5753|27,NA|NA|NA,0.0069,413404,5753,27,419184,0.1,0.08,0.12
"0.41 (0.38, 0.45)",3.35E-117,+,376139|2077|1,NA|NA|NA,0.0027,376139,2077,1,378217,0.41,0.38,0.45
"-0.55 (-0.68, -0.42)",8.45E-16,-,429192|96|0,NA|NA|NA,0.00011,429192,96,0,429288,-0.55,-0.68,-0.42
"0.2 (0.17, 0.23)",4.34E-39,+,408760|3741|0,NA|NA|NA,0.0045,408760,3741,0,412501,0.2,0.17,0.23
"0.32 (0.26, 0.38)",2.63E-24,+,417635|814|0,NA|NA|NA,0.00097,417635,814,0,418449,0.32,0.26,0.38
"-0.16 (-0.19, -0.13)",5.49E-26,-,415850|3335|7,NA|NA|NA,0.004,415850,3335,7,419192,-0.16,-0.19,-0.13
"0.54 (0.46, 0.63)",3.24E-33,+,411720|327|0,NA|NA|NA,4.00E-04,411720,327,0,412047,0.54,0.46,0.63
"-0.26 (-0.32, -0.21)",5.96E-22,-,417278|1170|1,NA|NA|NA,0.0014,417278,1170,1,418449,-0.26,-0.32,-0.21
"0.13 (0.11, 0.15)",8.21E-34,+,411471|6963|20,NA|NA|NA,0.0084,411471,6963,20,418454,0.13,0.11,0.15
"-0.97 (-1.2, -0.71)",2.96E-13,-,136815|8|0,NA|NA|NA,2.90E-05,136815,8,0,136823,-0.97,-1.2,-0.71
"-0.24 (-0.29, -0.19)",1.74E-23,-,105006|1484|5,NA|NA|NA,0.007,105006,1484,5,106495,-0.24,-0.29,-0.19
"-1.4 (-1.6, -1.1)",4.84E-25,-,412288|46|0,NA|NA|NA,5.60E-05,412288,46,0,412334,-1.4,-1.6,-1.1
"-2.6 (-3.3, -1.9)",4.40E-13,-,419183|6|0,NA|NA|NA,7.20E-06,419183,6,0,419189,-2.6,-3.3,-1.9
"-0.36 (-0.4, -0.33)",7.51E-75,-,417396|1787|1,NA|NA|NA,0.0021,417396,1787,1,419184,-0.36,-0.4,-0.33
"0.8 (0.62, 0.98)",1.80E-18,+,374728|82|0,NA|NA|NA,0.00011,374728,82,0,374810,0.8,0.62,0.98
"-0.052 (-0.065, -0.039)",3.43E-14,-,421896|7136|30,NA|NA|NA,0.0084,421896,7136,30,429062,-0.052,-0.065,-0.039
"-0.23 (-0.29, -0.17)",2.30E-13,-,411471|862|1,NA|NA|NA,0.001,411471,862,1,412334,-0.23,-0.29,-0.17
"-1.5 (-1.9, -1.1)",1.49E-11,-,429328|9|0,NA|NA|NA,1.00E-05,429328,9,0,429337,-1.5,-1.9,-1.1
"0.07 (0.05, 0.089)",2.95E-12,+,403138|8654|16,NA|NA|NA,0.011,403138,8654,16,411808,0.07,0.05,0.089
"0.53 (0.42, 0.64)",2.60E-20,+,411841|206|0,NA|NA|NA,0.00025,411841,206,0,412047,0.53,0.42,0.64
"0.33 (0.3, 0.36)",4.92E-110,+,372780|3343|6,NA|NA|NA,0.0045,372780,3343,6,376129,0.33,0.3,0.36
"-0.49 (-0.63, -0.35)",5.13E-12,-,423904|99|0,NA|NA|NA,0.00012,423904,99,0,424003,-0.49,-0.63,-0.35
"-0.17 (-0.2, -0.14)",4.39E-37,-,405479|4441|6,NA|NA|NA,0.0054,405479,4441,6,409926,-0.17,-0.2,-0.14
"0.16 (0.11, 0.2)",1.36E-13,+,417253|1806|0,NA|NA|NA,0.0022,417253,1806,0,419059,0.16,0.11,0.2
"0.074 (0.055, 0.094)",8.06E-14,+,406016|5860|5,NA|NA|NA,0.0071,406016,5860,5,411881,0.074,0.055,0.094
"0.4 (0.33, 0.47)",1.11E-28,+,245838|481|0,NA|NA|NA,0.00098,245838,481,0,246319,0.4,0.33,0.47
"0.068 (0.056, 0.079)",3.77E-31,+,420005|10028|37,NA|NA|NA,0.012,420005,10028,37,430070,0.068,0.056,0.079
"-0.19 (-0.21, -0.16)",6.59E-38,-,413611|4345|2,NA|NA|NA,0.0052,413611,4345,2,417958,-0.19,-0.21,-0.16
"-0.65 (-0.81, -0.48)",1.35E-14,-,378276|125|0,NA|NA|NA,0.00017,378276,125,0,378401,-0.65,-0.81,-0.48
"-1.4 (-1.5, -1.2)",1.07E-81,-,430006|64|0,NA|NA|NA,7.40E-05,430006,64,0,430070,-1.4,-1.5,-1.2
"0.29 (0.23, 0.35)",2.50E-22,+,377443|774|0,NA|NA|NA,0.001,377443,774,0,378217,0.29,0.23,0.35
"-0.27 (-0.32, -0.23)",1.66E-29,-,429493|577|0,NA|NA|NA,0.00067,429493,577,0,430070,-0.27,-0.32,-0.23
"-0.18 (-0.2, -0.16)",1.74E-53,-,427583|2486|1,NA|NA|NA,0.0029,427583,2486,1,430070,-0.18,-0.2,-0.16
"-0.79 (-0.92, -0.65)",5.76E-31,-,419020|169|0,NA|NA|NA,2.00E-04,419020,169,0,419189,-0.79,-0.92,-0.65
"-1 (-1.2, -0.86)",6.73E-41,-,419041|130|2,NA|NA|NA,0.00016,419041,130,2,419173,-1,-1.2,-0.86
"-0.14 (-0.18, -0.099)",1.99E-12,-,375509|2437|2,NA|NA|NA,0.0032,375509,2437,2,377948,-0.14,-0.18,-0.099
"0.25 (0.19, 0.3)",2.79E-18,+,418230|959|0,NA|NA|NA,0.0011,418230,959,0,419189,0.25,0.19,0.3
"0.19 (0.15, 0.22)",1.44E-25,+,407429|2495|2,NA|NA|NA,0.003,407429,2495,2,409926,0.19,0.15,0.22
"-0.11 (-0.12, -0.088)",7.66E-33,-,423821|5600|22,NA|NA|NA,0.0066,423821,5600,22,429443,-0.11,-0.12,-0.088
"-0.52 (-0.56, -0.48)",2.23E-140,-,408010|1916|0,NA|NA|NA,0.0023,408010,1916,0,409926,-0.52,-0.56,-0.48
"-0.045 (-0.057, -0.033)",6.53E-13,-,396829|15013|39,NA|NA|NA,0.018,396829,15013,39,411881,-0.045,-0.057,-0.033
"-0.1 (-0.12, -0.08)",2.03E-19,-,401874|6322|15,NA|NA|NA,0.0078,401874,6322,15,408211,-0.1,-0.12,-0.08
"0.085 (0.066, 0.1)",1.63E-18,+,333552|9731|19,NA|NA|NA,0.014,333552,9731,19,343302,0.085,0.066,0.1
"0.22 (0.16, 0.28)",3.65E-13,+,418321|871|0,NA|NA|NA,0.001,418321,871,0,419192,0.22,0.16,0.28
"-0.6 (-0.75, -0.45)",3.16E-15,-,377810|154|0,NA|NA|NA,2.00E-04,377810,154,0,377964,-0.6,-0.75,-0.45
"0.17 (0.12, 0.21)",8.73E-14,+,417636|1553|0,NA|NA|NA,0.0019,417636,1553,0,419189,0.17,0.12,0.21
"-0.18 (-0.22, -0.14)",2.13E-16,-,416416|2033|5,NA|NA|NA,0.0024,416416,2033,5,418454,-0.18,-0.22,-0.14
"-0.13 (-0.17, -0.1)",3.93E-15,-,409450|2153|1,NA|NA|NA,0.0026,409450,2153,1,411604,-0.13,-0.17,-0.1
"-0.3 (-0.38, -0.22)",1.08E-12,-,418747|442|0,NA|NA|NA,0.00053,418747,442,0,419189,-0.3,-0.38,-0.22
"0.94 (0.85, 1)",2.96E-105,+,377838|379|0,NA|NA|NA,5.00E-04,377838,379,0,378217,0.94,0.85,1
"0.23 (0.16, 0.29)",4.46E-13,+,407261|954|0,NA|NA|NA,0.0012,407261,954,0,408215,0.23,0.16,0.29
"1.8 (1.5, 2.2)",4.66E-24,+,419168|24|0,NA|NA|NA,2.90E-05,419168,24,0,419192,1.8,1.5,2.2
"-1.3 (-1.5, -1)",1.15E-29,-,378160|57|0,NA|NA|NA,7.50E-05,378160,57,0,378217,-1.3,-1.5,-1
"-0.082 (-0.1, -0.059)",1.24E-12,-,406663|5117|16,NA|NA|NA,0.0063,406663,5117,16,411796,-0.082,-0.1,-0.059
"-0.089 (-0.1, -0.074)",8.50E-31,-,398595|13464|27,NA|NA|NA,0.016,398595,13464,27,412086,-0.089,-0.1,-0.074
"-0.21 (-0.25, -0.17)",9.66E-26,-,428976|815|0,NA|NA|NA,0.00095,428976,815,0,429791,-0.21,-0.25,-0.17
"-0.14 (-0.15, -0.13)",3.17E-135,-,388295|23881|58,NA|NA|NA,0.029,388295,23881,58,412234,-0.14,-0.15,-0.13
"-0.2 (-0.24, -0.16)",2.78E-25,-,416203|2237|3,NA|NA|NA,0.0027,416203,2237,3,418443,-0.2,-0.24,-0.16
"0.64 (0.58, 0.69)",4.63E-114,+,418282|901|1,NA|NA|NA,0.0011,418282,901,1,419184,0.64,0.58,0.69
"-0.89 (-1, -0.76)",4.39E-46,-,374623|187|0,NA|NA|NA,0.00025,374623,187,0,374810,-0.89,9 (-1,-0.76
"1.1 (1, 1.2)",1.67E-261,+,411320|766|0,NA|NA|NA,0.00093,411320,766,0,412086,1.1, (1,1.2
"-0.19 (-0.21, -0.17)",7.16E-73,-,368215|6475|41,NA|NA|NA,0.0087,368215,6475,41,374731,-0.19,-0.21,-0.17
"-0.53 (-0.67, -0.4)",8.66E-15,-,377775|189|0,NA|NA|NA,0.00025,377775,189,0,377964,-0.53,-0.67,-0.4
"-1.3 (-1.3, -1.3)",2.23E-307,-,369634|5159|17,NA|NA|NA,0.0069,369634,5159,17,374810,-1.3,-1.3,-1.3
"-0.89 (-1.1, -0.65)",7.47E-13,-,374763|47|0,NA|NA|NA,6.30E-05,374763,47,0,374810,-0.89,-1.1,-0.65
"-0.85 (-1.1, -0.65)",6.28E-16,-,374745|65|0,NA|NA|NA,8.70E-05,374745,65,0,374810,-0.85,-1.1,-0.65
"-0.25 (-0.28, -0.23)",1.45E-100,-,371516|6434|14,NA|NA|NA,0.0085,371516,6434,14,377964,-0.25,-0.28,-0.23
"0.15 (0.13, 0.17)",8.13E-38,+,407672|4202|7,NA|NA|NA,0.0051,407672,4202,7,411881,0.15,0.13,0.17
"0.17 (0.12, 0.22)",5.39E-12,+,410476|924|0,NA|NA|NA,0.0011,410476,924,0,411400,0.17,0.12,0.22
"-0.2 (-0.26, -0.15)",3.83E-12,-,418120|939|0,NA|NA|NA,0.0011,418120,939,0,419059,-0.2,-0.26,-0.15
"-0.34 (-0.43, -0.25)",1.84E-14,-,418653|406|0,NA|NA|NA,0.00048,418653,406,0,419059,-0.34,-0.43,-0.25
"0.3 (0.22, 0.39)",1.33E-12,+,418721|471|0,NA|NA|NA,0.00056,418721,471,0,419192,0.3,0.22,0.39
"0.21 (0.17, 0.26)",1.38E-19,+,410305|1452|0,NA|NA|NA,0.0018,410305,1452,0,411757,0.21,0.17,0.26
"2.1 (1.8, 2.4)",7.72E-43,+,412463|38|0,NA|NA|NA,4.60E-05,412463,38,0,412501,2.1,1.8,2.4
"-0.46 (-0.56, -0.37)",8.22E-21,-,418881|308|0,NA|NA|NA,0.00037,418881,308,0,419189,-0.46,-0.56,-0.37
"-0.18 (-0.21, -0.14)",3.06E-24,-,416734|2455|0,NA|NA|NA,0.0029,416734,2455,0,419189,-0.18,-0.21,-0.14
"-0.053 (-0.068, -0.039)",1.62E-12,-,339707|11948|16,NA|NA|NA,0.017,339707,11948,16,351671,-0.053,-0.068,-0.039
"-1.5 (-1.7, -1.3)",7.67E-41,-,418386|67|0,NA|NA|NA,8.00E-05,418386,67,0,418453,-1.5,-1.7,-1.3
"-0.16 (-0.18, -0.14)",2.42E-50,-,411368|7066|20,NA|NA|NA,0.0085,411368,7066,20,418454,-0.16,-0.18,-0.14
"-0.14 (-0.18, -0.1)",8.24E-13,-,376195|2206|0,NA|NA|NA,0.0029,376195,2206,0,378401,-0.14,-0.18,-0.1
"0.083 (0.063, 0.1)",3.84E-15,+,411222|7947|19,NA|NA|NA,0.0095,411222,7947,19,419188,0.083,0.063,0.1
"0.17 (0.12, 0.22)",1.04E-12,+,410519|1085|0,NA|NA|NA,0.0013,410519,1085,0,411604,0.17,0.12,0.22
"-0.16 (-0.18, -0.13)",8.64E-40,-,405971|6349|14,NA|NA|NA,0.0077,405971,6349,14,412334,-0.16,-0.18,-0.13
"0.14 (0.1, 0.18)",5.72E-15,+,409829|2403|2,NA|NA|NA,0.0029,409829,2403,2,412234,0.14,0.1,0.18
"0.18 (0.13, 0.22)",2.55E-14,+,341647|1654|1,NA|NA|NA,0.0024,341647,1654,1,343302,0.18,0.13,0.22
"-0.52 (-0.63, -0.41)",1.81E-20,-,377682|282|0,NA|NA|NA,0.00037,377682,282,0,377964,-0.52,-0.63,-0.41
"0.15 (0.12, 0.18)",1.51E-25,+,407448|4040|30,NA|NA|NA,0.005,407448,4040,30,411518,0.15,0.12,0.18
"-0.13 (-0.17, -0.097)",6.38E-13,-,409629|2703|2,NA|NA|NA,0.0033,409629,2703,2,412334,-0.13,-0.17,-0.097
"-0.17 (-0.2, -0.13)",3.85E-24,-,404814|3391|9,NA|NA|NA,0.0042,404814,3391,9,408214,-0.17,-0.2,-0.13
"0.52 (0.45, 0.59)",5.53E-52,+,375517|612|0,NA|NA|NA,0.00081,375517,612,0,376129,0.52,0.45,0.59
"-0.061 (-0.078, -0.044)",1.79E-12,-,408748|10427|17,NA|NA|NA,0.012,408748,10427,17,419192,-0.061,-0.078,-0.044
"0.48 (0.34, 0.62)",4.99E-12,+,412153|181|0,NA|NA|NA,0.00022,412153,181,0,412334,0.48,0.34,0.62
"0.37 (0.3, 0.45)",1.35E-24,+,417791|658|0,NA|NA|NA,0.00079,417791,658,0,418449,0.37,0.3,0.45
"-0.32 (-0.39, -0.24)",1.71E-17,-,418549|639|0,NA|NA|NA,0.00076,418549,639,0,419188,-0.32,-0.39,-0.24
"-1.6 (-2.1, -1.2)",6.51E-13,-,419181|12|0,NA|NA|NA,1.40E-05,419181,12,0,419193,-1.6,-2.1,-1.2
"0.32 (0.25, 0.39)",4.40E-18,+,411163|594|0,NA|NA|NA,0.00072,411163,594,0,411757,0.32,0.25,0.39
"-0.09 (-0.12, -0.065)",4.05E-12,-,414162|4655|7,NA|NA|NA,0.0056,414162,4655,7,418824,-0.09,-0.12,-0.065
"0.19 (0.14, 0.24)",4.93E-13,+,373828|982|0,NA|NA|NA,0.0013,373828,982,0,374810,0.19,0.14,0.24
"-0.092 (-0.11, -0.07)",5.89E-16,-,405410|6329|18,NA|NA|NA,0.0077,405410,6329,18,411757,-0.092,-0.11,-0.07
"-0.36 (-0.41, -0.31)",1.67E-44,-,410519|1238|0,NA|NA|NA,0.0015,410519,1238,0,411757,-0.36,-0.41,-0.31
"-0.41 (-0.48, -0.34)",8.27E-31,-,429807|263|0,NA|NA|NA,0.00031,429807,263,0,430070,-0.41,-0.48,-0.34
"0.1 (0.082, 0.13)",5.80E-20,+,411075|6594|31,NA|NA|NA,0.008,411075,6594,31,417700,0.1,0.082,0.13
"-0.42 (-0.49, -0.34)",1.85E-29,-,411170|585|2,NA|NA|NA,0.00072,411170,585,2,411757,-0.42,-0.49,-0.34
"1.3 (1.2, 1.4)",4.72E-111,+,418942|250|0,NA|NA|NA,3.00E-04,418942,250,0,419192,1.3,1.2,1.4
"3 (2.7, 3.3)",3.48E-89,+,419149|33|0,NA|NA|NA,3.90E-05,419149,33,0,419182,3,2.7,3.3
"-0.12 (-0.15, -0.085)",9.76E-14,-,414778|3646|15,NA|NA|NA,0.0044,414778,3646,15,418439,-0.12,-0.15,-0.085
"1.4 (1.1, 1.7)",1.75E-18,+,419155|29|0,NA|NA|NA,3.50E-05,419155,29,0,419184,1.4,1.1,1.7
"0.11 (0.079, 0.14)",1.07E-13,+,415727|3456|1,NA|NA|NA,0.0041,415727,3456,1,419184,0.11,0.079,0.14
"-0.12 (-0.14, -0.09)",1.84E-18,-,408571|3309|1,NA|NA|NA,0.004,408571,3309,1,411881,-0.12,-0.14,-0.09
"-0.64 (-0.83, -0.46)",1.88E-11,-,378304|97|0,NA|NA|NA,0.00013,378304,97,0,378401,-0.64,-0.83,-0.46
"0.75 (0.59, 0.9)",1.04E-21,+,126248|151|0,NA|NA|NA,6.00E-04,126248,151,0,126399,0.75,0.59,0.9
"1.3 (1, 1.7)",7.18E-15,+,419163|29|0,NA|NA|NA,3.50E-05,419163,29,0,419192,1.3, (1,1.7
"0.2 (0.15, 0.24)",7.89E-18,+,418120|1071|1,NA|NA|NA,0.0013,418120,1071,1,419192,0.2,0.15,0.24
"-0.12 (-0.14, -0.095)",4.29E-26,-,405955|6253|26,NA|NA|NA,0.0076,405955,6253,26,412234,-0.12,-0.14,-0.095
"-0.6 (-0.77, -0.43)",4.72E-12,-,409983|120|0,NA|NA|NA,0.00015,409983,120,0,410103,-0.6,-0.77,-0.43
"-0.23 (-0.26, -0.2)",3.23E-58,-,405732|4362|17,NA|NA|NA,0.0054,405732,4362,17,410111,-0.23,-0.26,-0.2
"-0.6 (-0.73, -0.47)",1.63E-19,-,409907|206|0,NA|NA|NA,0.00025,409907,206,0,410113,-0.6,-0.73,-0.47
"0.3 (0.24, 0.36)",2.14E-22,+,374080|730|0,NA|NA|NA,0.00097,374080,730,0,374810,0.3,0.24,0.36
"-1.4 (-1.6, -1.2)",8.81E-38,-,378327|74|0,NA|NA|NA,9.80E-05,378327,74,0,378401,-1.4,-1.6,-1.2
"-0.067 (-0.084, -0.049)",1.10E-13,-,425950|4108|11,NA|NA|NA,0.0048,425950,4108,11,430069,-0.067,-0.084,-0.049
"-0.19 (-0.22, -0.16)",2.69E-41,-,415209|3845|6,NA|NA|NA,0.0046,415209,3845,6,419060,-0.19,-0.22,-0.16
"0.11 (0.081, 0.15)",1.15E-11,+,102656|3226|6,NA|NA|NA,0.015,102656,3226,6,105888,0.11,0.081,0.15
"0.11 (0.084, 0.13)",1.22E-21,+,405736|6108|17,NA|NA|NA,0.0075,405736,6108,17,411861,0.11,0.084,0.13
"-0.67 (-0.79, -0.55)",1.05E-27,-,409893|220|0,NA|NA|NA,0.00027,409893,220,0,410113,-0.67,-0.79,-0.55
"0.59 (0.51, 0.67)",2.40E-43,+,418726|466|0,NA|NA|NA,0.00056,418726,466,0,419192,0.59,0.51,0.67
"-0.39 (-0.5, -0.27)",1.34E-11,-,411358|223|0,NA|NA|NA,0.00027,411358,223,0,411581,-0.39,-0.5,-0.27
"-2.7 (-2.8, -2.6)",2.23E-307,-,411858|189|0,NA|NA|NA,0.00023,411858,189,0,412047,-2.7,-2.8,-2.6
"0.51 (0.45, 0.56)",2.63E-78,+,418025|1167|0,NA|NA|NA,0.0014,418025,1167,0,419192,0.51,0.45,0.56
"0.22 (0.17, 0.26)",1.11E-17,+,417505|1225|1,NA|NA|NA,0.0015,417505,1225,1,418731,0.22,0.17,0.26
"-0.7 (-0.85, -0.55)",1.52E-20,-,409785|141|0,NA|NA|NA,0.00017,409785,141,0,409926,-0.7,-0.85,-0.55
"-1 (-1.1, -0.86)",1.41E-42,-,374367|125|0,NA|NA|NA,0.00017,374367,125,0,374492,-1,-1.1,-0.86
"-0.24 (-0.3, -0.18)",2.92E-14,-,418245|814|0,NA|NA|NA,0.00097,418245,814,0,419059,-0.24,-0.3,-0.18
"1.5 (1.4, 1.5)",2.23E-307,+,417581|1166|0,NA|NA|NA,0.0014,417581,1166,0,418747,1.5,1.4,1.5
"0.72 (0.52, 0.92)",3.14E-12,+,418976|77|0,NA|NA|NA,9.20E-05,418976,77,0,419053,0.72,0.52,0.92
"0.12 (0.098, 0.15)",1.67E-19,+,338513|4774|14,NA|NA|NA,0.007,338513,4774,14,343301,0.12,0.098,0.15
"0.2 (0.16, 0.25)",9.54E-21,+,410609|1725|0,NA|NA|NA,0.0021,410609,1725,0,412334,0.2,0.16,0.25
"0.071 (0.052, 0.09)",4.45E-13,+,405036|6989|22,NA|NA|NA,0.0085,405036,6989,22,412047,0.071,0.052,0.09
"-1.3 (-1.6, -0.93)",1.11E-13,-,419163|26|0,NA|NA|NA,3.10E-05,419163,26,0,419189,-1.3,-1.6,-0.93
"0.098 (0.072, 0.12)",5.62E-14,+,407511|4722|1,NA|NA|NA,0.0057,407511,4722,1,412234,0.098,0.072,0.12
"-1.3 (-1.5, -1)",2.40E-30,-,105624|73|0,NA|NA|NA,0.00035,105624,73,0,105697,-1.3,-1.5,-1
"-0.58 (-0.6, -0.55)",2.23E-307,-,413567|4659|11,NA|NA|NA,0.0056,413567,4659,11,418237,-0.58,-0.6,-0.55
"0.3 (0.22, 0.38)",1.89E-13,+,417642|491|0,NA|NA|NA,0.00059,417642,491,0,418133,0.3,0.22,0.38
"1.9 (1.6, 2.1)",1.67E-58,+,419132|52|0,NA|NA|NA,6.20E-05,419132,52,0,419184,1.9,1.6,2.1
"-0.11 (-0.14, -0.084)",5.20E-16,-,414001|4222|17,NA|NA|NA,0.0051,414001,4222,17,418240,-0.11,-0.14,-0.084
"-0.12 (-0.15, -0.088)",1.01E-15,-,407979|3635|0,NA|NA|NA,0.0044,407979,3635,0,411614,-0.12,-0.15,-0.088
"0.28 (0.24, 0.33)",1.20E-34,+,410234|1439|2,NA|NA|NA,0.0018,410234,1439,2,411675,0.28,0.24,0.33
"0.15 (0.13, 0.17)",6.41E-36,+,406635|5194|18,NA|NA|NA,0.0063,406635,5194,18,411847,0.15,0.13,0.17
"-1 (-1.1, -0.95)",1.48E-152,-,411363|498|0,NA|NA|NA,6.00E-04,411363,498,0,411861,-1,-1.1,-0.95
"0.18 (0.16, 0.2)",5.37E-59,+,412073|6979|8,NA|NA|NA,0.0083,412073,6979,8,419060,0.18,0.16,0.2
"0.14 (0.11, 0.18)",4.65E-15,+,416589|2600|3,NA|NA|NA,0.0031,416589,2600,3,419192,0.14,0.11,0.18
"-0.54 (-0.62, -0.46)",4.12E-40,-,417648|520|0,NA|NA|NA,0.00062,417648,520,0,418168,-0.54,-0.62,-0.46
"-0.36 (-0.4, -0.32)",6.78E-67,-,417367|1822|0,NA|NA|NA,0.0022,417367,1822,0,419189,-0.36,-0.4,-0.32
"-0.6 (-0.74, -0.45)",4.60E-16,-,429205|83|0,NA|NA|NA,9.70E-05,429205,83,0,429288,-0.6,-0.74,-0.45
"-0.2 (-0.24, -0.15)",3.55E-18,-,410842|1659|0,NA|NA|NA,0.002,410842,1659,0,412501,-0.2,-0.24,-0.15
"-1.1 (-1.3, -0.88)",3.24E-23,-,430043|27|0,NA|NA|NA,3.10E-05,430043,27,0,430070,-1.1,-1.3,-0.88
"-0.085 (-0.1, -0.07)",7.77E-30,-,404683|5494|2057,NA|NA|NA,0.012,404683,5494,2057,412234,-0.085,-0.1,-0.07
"-0.65 (-0.83, -0.47)",7.67E-13,-,374773|47|17,NA|NA|NA,0.00011,374773,47,17,374837,-0.65,-0.83,-0.47
"-0.3 (-0.37, -0.22)",2.86E-14,-,423856|116|42,NA|NA|NA,0.00024,423856,116,42,424014,-0.3,-0.37,-0.22
"-0.35 (-0.44, -0.27)",8.41E-16,-,418964|166|59,NA|NA|NA,0.00034,418964,166,59,419189,-0.35,-0.44,-0.27
"0.26 (0.2, 0.32)",3.29E-17,+,429811|227|32,NA|NA|NA,0.00034,429811,227,32,430070,0.26,0.2,0.32
"0.15 (0.14, 0.16)",1.91E-108,+,405323|4604|1954,NA|NA|NA,0.01,405323,4604,1954,411881,0.15,0.14,0.16
"0.78 (0.62, 0.95)",5.09E-20,+,351611|50|10,NA|NA|NA,1.00E-04,351611,50,10,351671,0.78,0.62,0.95
"1.3 (0.91, 1.6)",5.02E-12,+,423658|6|1,NA|NA|NA,9.40E-06,423658,6,1,423665,1.3,0.91,1.6